{
  "0x02f6b2671faddb9041283fa180eca74a5fda3dc8": 347039019092.6533,
  "0x037bcd5b614757031b464c1e0de2d9814a826182": 676902256062.8364,
  "0x044a9c43e95aa9fd28eea25131a62b602d304f1f": 1977389620072.9575,
  "0x06b84448a572d6216cdcf5e2eba108693d1506b0": 2891876146099.0796,
  "0x080c9b708588c103034f22898212164f45eec1a8": 78158736600.61984,
  "0x08c833e33451e8f9ddeac4d443fcdc99b6888bd9": 706492467023.6086,
  "0x099f8498348792abe502ec12f6163254dbbe321e": 2602792643194.9,
  "0x0b01f1310e7224dafed24c3b62d53cec37d9faf8": 14151080580.348465,
  "0x0b20b9bd6ea6f9d75c3eb676e703056e1b7538e3": 18470203554704.215,
  "0x0b850a960bad42c31fc2e3ddb07fd46fa88c1db7": 517088138448.05334,
  "0x0dc560216ed3a6b8df9f5352b8d4959a0d01afca": 315637490863.33923,
  "0x0e06325f6f13e5526cabaeb5621797dd3264cb57": 302317827708.90936,
  "0x0e78cf2b19f79ffb1e9c2154c1909d0eb99007db": 6052330387092.179,
  "0x115d0d8822efc9607c52b04628098b48970b993b": 3882830984872.7485,
  "0x11ebee2bf244325b5559f0f583722d35659ddce8": 18035700707.31595,
  "0x1531cf39e3e20ad09204f2219f3119871cc34aca": 998673498581.0215,
  "0x1611599366395030872e59e9ebdfa0890b4d90c6": 229779838279.78793,
  "0x16874fdc84a6277b279fdfb22092e56e61f95170": 9370053515501.639,
  "0x1835243a84ed1c6e663637f2fd70bfe9a3a84683": 703625537415.5538,
  "0x186e20ae3530520c9f3e6c46f2f5d1062b784761": 1879061257357.527,
  "0x187bb11c964130aa962e9a2ada37776755d78c4c": 230065266854.2445,
  "0x19335ce20bb68b443fbb3c9680b02dc088fabf23": 6030193095550.106,
  "0x196b0fe81c90d5762dc8e96e7d96fdd8caa4c58e": 229735576989.91193,
  "0x1a90c9da4c3e3dd7eada67d6a09c4828417d4aca": 15616755859169.396,
  "0x1af36325e7745cb77afad9f40c831b26d9f0324a": 246397703555.7838,
  "0x1d963a61767a3e84fe10451749b491bfa0f58bed": 9151786089520.12,
  "0x1f16462b03c59e58c21f59618ad969f2163a4306": 76622370047.1375,
  "0x1f572681bcbfde94cc2797bd317218b67f1cfe93": 229741818966.68924,
  "0x20aa7355d014682c787edf36b4f6cc2e4f76de07": 2082234114555.9194,
  "0x215fc0f4cac5060faf6e0a4009fadc2a85a2e2a7": 4873233839827.731,
  "0x21e743cfeb7c1104c30254d575819a81cb0a8673": 4160544585171.2124,
  "0x220a6cb04d48ca2c33735e94df78c17f8b0f7c9f": 923123790786.4576,
  "0x23421eb40e8e9c79d1eda8fd64f90473e6d79a7a": 823186321064400.1,
  "0x23748dbe01bcd654f1e4e5f29f85cf269f95e43f": 689270853094.8125,
  "0x24ffa54511abfa2160a44662c6090bad50496479": 689222619637.8964,
  "0x2969b98919dfbc741eefd06f55e406089e729db9": 2074944301478.813,
  "0x29e01ec68521fa1c3bd685aa4ada59fae1e7c048": 1794607200463.2097,
  "0x2cf226a0a15a77bb71790f21f168768797f43b93": 442474749343.13293,
  "0x2d7991974eb4b30f85b420159f7869fd2537c6de": 3123351171833.879,
  "0x2dd622151d2d333f0c11392b871b74b1fd6cb388": 835519432418.789,
  "0x2ec4fe780501684d8f17109410caae8a9d293de2": 52055852863.89803,
  "0x30282fd4c1ff61c3befd4ac82b8f98eac82a2949": 689226591804.9365,
  "0x3138a21ff9ad62b9f83b5f0f7740f8bde2fb7cba": 689363915294.039,
  "0x315f5268bd9a63adf077d606bebc276afd48c5c4": 691309142238.8447,
  "0x34bd4eeef8257a3d5d77aa5420e7fb332cdd07a6": 865240772180.4902,
  "0x353119706871afe0ca7b1ad226e0c286660c7954": 26081778295027.145,
  "0x356eb354aea711854e1d69a36643e181a1da8ba5": 1154008154815.8208,
  "0x374f5fa69b977964d5242c95cd2d31db663bddf0": 4174884929782.8394,
  "0x37a72fc099b2795d66b8f6c097ed3a26d1eef703": 691332975241.0857,
  "0x388445266e5d3c029e2ddcf18c803124efbf79b8": 5169547027756.309,
  "0x38de753e13053692e18805bd440fdd6d59cb2ddc": 23920938678.226883,
  "0x391bf92b788150d6e8f23ecc9624499552e2a092": 4320810204777.039,
  "0x39b732a6959ea2f77f7186be2290b3390c07077a": 2123833178246.2795,
  "0x39c4ff8cc8139d9aeb4ce73afa167284c5184e26": 4804413030382.904,
  "0x3b8078c02414cd5294bad1c880297120a9a34c86": 1041117057277.9597,
  "0x3c229864378b3b0adf98ae247ca33986aed8ec1e": 2502139983601.9697,
  "0x3c9ff2b8ff27c1cb882e9e350d83fb8ac6d647a3": 1075072473163.0813,
  "0x3cf1a4083bbf195909c12b07de2de091472fe7df": 13582215610181.719,
  "0x4103a69d709b9a9b4d2c50306f513fe9fc4a8995": 22358141019728.93,
  "0x45645c8edd908a5143a1c0132ffd93324a431c52": 3306977171163.1343,
  "0x48c052613bac4e3fc9636054639b697798c34b87": 1196583432422.5298,
  "0x4a9542b1863dd6839be089ad100dce1a8de33605": 3123351171833.879,
  "0x4aa317e005f68d3c0e350ecbe099fe7574bd7d86": 699527555844.9193,
  "0x4b40e94e47cd39125d906616475b53f948cee054": 7654912979361.085,
  "0x4ceaa2fe0d2a4b7c6bf976c0d6a17c2f206e2168": 2741012422071.505,
  "0x4e31670e9e2190b76e05234059a2b29f2bc61f3a": 8584777347128.434,
  "0x4ed549c9aa7fec07827b5bfee4f8314dc9cb976f": 234581417374.52728,
  "0x521acb3b53dbab29cce4ba062a82c816a2253d23": 676726087230.6738,
  "0x53b015573630d248a32b11b21e5443efb92d9cfb": 892792580517.7598,
  "0x55729e754893166fc67771a3303626951e37b6ac": 288976989294.86273,
  "0x55fe4694ef6d8a52e383951c25cb985a2dec022f": 50871815474620.55,
  "0x5699f251705667e644df9a2444fc452dc2f21144": 3857574181798.075,
  "0x56abbf32376d57b1c6ea2ebeb939f4256e536817": 2602792643194.9,
  "0x57e648f095dc7d8b26e97dfd1d03be8d7fbfbf71": 14192229424.68279,
  "0x588415b64d1a218c1aa1d270b7e69aa855a4e0be": 173519509546.32666,
  "0x598f067eb982b38789ef3f4efde657b319511418": 899727446294.4592,
  "0x5a4fe7459620692b4b2f67e6eb8828006a5d2de6": 14195047200.667126,
  "0x5b37c656909a0ba303ba4b0126c67cbec299724b": 3225921170140.715,
  "0x5b40423cee8e388b9964bca0e38c5d4b753b5a7e": 11567504584.396313,
  "0x5ba65990cf61a963059af3d6f193d967e9343be0": 1410047800247.2422,
  "0x5be4cb2f7b2c8ab1b0aae6cf5aa4a1cc398aeb6d": 953098777972.835,
  "0x5d7979d076f09a6c4b0e6d86446b89be9cce4eb6": 1077610508250.711,
  "0x5d928f0db4a09b873924de89caa5a3db752cb2a2": 416446822911.1839,
  "0x5f2f6ce97c7e1cff7032ab46dd1c8b1dfa78dffe": 612791644984988.1,
  "0x5fdd97c6b27050b30390113927f8119649e09d57": 1364270102375.8745,
  "0x60ed9e1493daa269fce307a69727c282ab2d24e9": 312992983262.7947,
  "0x60f0f62fa9963de8c9279050d98991d8c1a35481": 7780219348168.331,
  "0x63360384656e316a50317fbd36f3eba8b1bc30cd": 229739549156.95203,
  "0x642e9eb4adfd8166a22587d1607d2117fd60668a": 229833178808.61282,
  "0x6528f1110c293afa7b28aa2ba79eb038194eb182": 131874827255.20828,
  "0x6553fd741cda8c4b8520355c1c654f7492ff57d5": 131874827255.20828,
  "0x66e4d810b79028e42735d5acb1de9a5f2e673d6f": 11567504584.396313,
  "0x68251a0a5c136c48ee740e479fc04e878bc14967": 11703234520544.031,
  "0x68c2ddae5193507106ff4996457a9ccafa33bd82": 689293551192.1847,
  "0x6df3eef2e9476ea03777f2b9bb71f32ee6029870": 2590529934389.2363,
  "0x6e1aa8476b6ef36cc1c3a624ce8c6ef556dcc76b": 4484893547980.749,
  "0x6e8f10ecfe545909315cbf3c0727c3a339e8bd67": 2082234114555.9194,
  "0x6eb00b10e8fa83483bc7368c7af64b951d3c1fb1": 18007117746.62775,
  "0x6f0ba2b7eca0c46eb63aa682b9d63c38c7e8b1d5": 1172291314647.2551,
  "0x70e439584ef1ba300106b9c16543eaa1de676dc2": 1617917777180.5374,
  "0x717f4308208827bc51982df8f8fb28e49cd6d540": 2168993869329.0828,
  "0x73b035e5166bade4e10ff319f4bfac358ec46465": 14225821506.149761,
  "0x73da1d8b1855f7e54e2b111ae1f6ddd1cc8674e9": 230854971491.98907,
  "0x73eccca839a60f0beb67eb51c0b910588edc9117": 691797151332.3491,
  "0x74537238437b88d47e4ce2538b0e5707153aa700": 78183600480.72006,
  "0x74d95dd803a4fa42b167f07cdba92b6e8fc4061e": 174071297944351.34,
  "0x75e04cc0a0e9bf1739735f040ebb52fd85cf78ba": 76580758533.14874,
  "0x78a998340e827c735cf00dfe3107379dfcbe2301": 1041117057277.9597,
  "0x79c1134a1dfdf7e0d58e58cafc84a514991372e6": 3470390190926.5327,
  "0x79d3d926b83c19aa08cc2164932734ed8037d639": 76802623560.00682,
  "0x7a166f2fe92551d6058777367634ac0d471c9c80": 695636534502.8733,
  "0x7d8cc59c0053f45253c287f3f422c5415739da04": 4005238099947.626,
  "0x7e6053e37089b10036358a0c8ae3709999d0c51d": 11784636769139.54,
  "0x7f7eceede5f97179883ef8f30edf24c50aa5c597": 745525214188.6569,
  "0x821fc6a963b94920c57966a31ba1cf9b7569dd30": 72878194009457.19,
  "0x8288ec58506b8ab4137d84a62c85e90c01e9d5aa": 131874827255.20828,
  "0x83e3b73754824b94320415061d3b8e402a946148": 461941153607.7278,
  "0x8506b231ad07e88d3c36b50a92df2ce1ec8a10d5": 295195821576.15857,